sequence,count
CTACTACAGGAGACTCTGAATGAGGTAGACAGAAGG,625
CTAGTTCAGGCAACTGCTAATAAGCTTGACAAGAGG,1821
CTACTACAGGCAACTCTGAATGAGCTTGACAGAATG,2140
CTAGTTCAGGAGACTGCTAATAAGCTTGACAGAATG,7010
CTAGTTCAGGCAACTCTGAATGAGCTTGACAAGATG,658
CTAGTTCAGGAGACTCTGAATAAGCTTGACAGAAGG,1027
ATCGTTCAGGAGACTGCTAATGAGGTAGACAAGATG,6959
ATCGTTCAGGCAACTCTGAATAAGGTAGACAGAAGG,41275
CTAGTTCAGGCAACTGCTAATGAGCTTGACAGAATG,4280
ATCGTTCAGGAGACTGCTAATAAGCTTGACAGAAGG,1155
CTACTACAGGCAACTCTGAATAAGGTAGACAAGATG,870
ATCGTTCAGGCAACTGCTAATGAGGTAGACAAGAGG,16817
CTAGTTCAGGCAACTCTGAATAAGCTTGACAGAATG,8801
CTACTACAGGCAACTCTGAATAAGGTAGACAGAAGG,10107
ATCCTACAGGCAACTGCTAATAAGGTAGACAGAAGG,10063
CTACTACAGGCAACTGCTAATGAGGTAGACAAGATG,8150
CTACTACAGGCAACTGCTAATAAGGTAGACAGAAGG,591
CTACTACAGGAGACTCTGAATAAGCTTGACAAGAGG,593
ATCGTTCAGGAGACTCTGAATGAGCTTGACAGAATG,1455
CTAGTTCAGGAGACTGCTAATGAGCTTGACAGAATG,4115
ATCGTTCAGGCAACTGCTAATGAGCTTGACAGAATG,2934
CTAGTTCAGGAGACTGCTAATAAGGTAGACAAGAGG,17356
ATCGTTCAGGCAACTCTGAATGAGCTTGACAGAATG,2507
CTACTACAGGCAACTCTGAATAAGGTAGACAGAATG,9243
ATCCTACAGGCAACTCTGAATGAGCTTGACAAGATG,1008
CTACTACAGGCAACTGCTAATGAGCTTGACAAGATG,2143
ATCGTTCAGGCAACTGCTAATGAGCTTGACAAGATG,3779
ATCCTACAGGCAACTGCTAATGAGGTAGACAGAATG,1810
ATCGTTCAGGCAACTGCTAATGAGCTTGACAGAAGG,1416
CTACTACAGGCAACTCTGAATGAGCTTGACAAGAGG,1794
CTACTACAGGCAACTGCTAATGAGGTAGACAGAATG,23853
CTAGTTCAGGCAACTCTGAATAAGGTAGACAGAAGG,7128
ATCGTTCAGGCAACTCTGAATGAGGTAGACAGAATG,1556
ATCGTTCAGGCAACTGCTAATGAGGTAGACAAGATG,23432
CTAGTTCAGGAGACTCTGAATGAGCTTGACAAGAGG,1801
ATCCTACAGGCAACTGCTAATGAGGTAGACAAGAGG,688
CTAGTTCAGGCAACTGCTAATGAGGTAGACAGAAGG,17491
ATCGTTCAGGCAACTGCTAATGAGGTAGACAGAATG,8323
CTACTACAGGCAACTCTGAATGAGGTAGACAAGATG,1523
ATCGTTCAGGAGACTCTGAATGAGCTTGACAGAAGG,1192
CTAGTTCAGGCAACTGCTAATGAGCTTGACAGAAGG,1488
ATCGTTCAGGAGACTGCTAATGAGCTTGACAAGAGG,1020
CTACTACAGGCAACTGCTAATAAGGTAGACAAGAGG,2608
CTAGTTCAGGAGACTGCTAATGAGGTAGACAGAATG,15201
CTAGTTCAGGCAACTCTGAATAAGGTAGACAGAATG,8966
ATCGTTCAGGCAACTCTGAATAAGCTTGACAGAATG,1591
ATCCTACAGGCAACTGCTAATAAGCTTGACAGAATG,10634
CTACTACAGGCAACTGCTAATGAGCTTGACAAGAGG,1635
CTACTACAGGCAACTGCTAATAAGCTTGACAAGAGG,5877
ATCGTTCAGGAGACTCTGAATGAGGTAGACAGAATG,660
ATCCTACAGGAGACTCTGAATAAGGTAGACAGAATG,541
CTAGTTCAGGCAACTGCTAATGAGGTAGACAAGAGG,4440
ATCCTACAGGCAACTGCTAATAAGGTAGACAGAATG,3086
CTACTACAGGAGACTCTGAATAAGGTAGACAGAAGG,3139
CTACTACAGGAGACTGCTAATGAGCTTGACAGAATG,1949
ATCCTACAGGAGACTGCTAATAAGGTAGACAGAAGG,9848
CTAGTTCAGGCAACTCTGAATAAGCTTGACAAGATG,883
ATCGTTCAGGAGACTGCTAATAAGGTAGACAAGATG,2120
CTACTACAGGCAACTGCTAATGAGCTTGACAGAATG,7239
CTAGTTCAGGAGACTGCTAATAAGCTTGACAAGATG,2499
CTAGTTCAGGCAACTGCTAATGAGCTTGACAAGAGG,2309
CTAGTTCAGGCAACTGCTAATAAGCTTGACAGAAGG,663
ATCCTACAGGCAACTGCTAATGAGCTTGACAAGATG,1185
ATCCTACAGGCAACTGCTAATAAGCTTGACAAGAGG,4785
CTACTACAGGAGACTGCTAATGAGCTTGACAAGATG,1285
ATCGTTCAGGCAACTGCTAATGAGGTAGACAGAAGG,2614
CTACTACAGGCAACTGCTAATAAGGTAGACAAGATG,669
CTACTACAGGAGACTGCTAATAAGCTTGACAGAATG,4349
CTACTACAGGAGACTGCTAATAAGCTTGACAAGAGG,4815
ATCGTTCAGGAGACTCTGAATAAGCTTGACAGAAGG,2631
CTACTACAGGCAACTGCTAATAAGCTTGACAGAATG,1194
CTACTACAGGAGACTCTGAATGAGGTAGACAAGATG,893
CTAGTTCAGGAGACTCTGAATAAGGTAGACAGAATG,4978
ATCCTACAGGCAACTCTGAATAAGGTAGACAAGATG,733
CTAGTTCAGGCAACTCTGAATGAGCTTGACAAGAGG,1082
ATCCTACAGGAGACTCTGAATAAGCTTGACAGAATG,491
ATCCTACAGGCAACTGCTAATAAGCTTGACAAGATG,3500
ATCGTTCAGGAGACTGCTAATAAGGTAGACAGAATG,1834
ATCGTTCAGGCAACTGCTAATAAGCTTGACAAGATG,2416
ATCCTACAGGCAACTCTGAATGAGCTTGACAGAAGG,1574
ATCGTTCAGGCAACTCTGAATAAGCTTGACAGAAGG,3118
ATCGTTCAGGAGACTGCTAATAAGCTTGACAAGAGG,4303
ATCCTACAGGAGACTGCTAATAAGGTAGACAGAATG,3805
CTAGTTCAGGAGACTCTGAATAAGGTAGACAGAAGG,4430
CTACTACAGGAGACTGCTAATGAGCTTGACAGAAGG,932
ATCCTACAGGCAACTCTGAATAAGGTAGACAGAAGG,1999
CTAGTTCAGGCAACTGCTAATGAGGTAGACAAGATG,4173
CTAGTTCAGGCAACTCTGAATGAGCTTGACAGAATG,2060
ATCGTTCAGGAGACTGCTAATAAGCTTGACAGAATG,2095
ATCCTACAGGAGACTCTGAATGAGGTAGACAAGATG,642
CTAGTTCAGGAGACTCTGAATAAGCTTGACAGAATG,881
CTACTACAGGAGACTGCTAATAAGGTAGACAGAAGG,3140
ATCGTTCAGGAGACTGCTAATAAGGTAGACAGAAGG,1108
CTAGTTCAGGCAACTCTGAATGAGGTAGACAGAATG,5163
CTACTACAGGAGACTCTGAATAAGGTAGACAAGATG,653
ATCCTACAGGCAACTCTGAATGAGCTTGACAAGAGG,1135
CTACTACAGGAGACTGCTAATAAGCTTGACAGAAGG,1213
CTACTACAGGAGACTGCTAATAAGGTAGACAAGATG,1865
CTAGTTCAGGCAACTCTGAATGAGGTAGACAGAAGG,2130
CTAGTTCAGGAGACTGCTAATGAGCTTGACAAGATG,862
CTACTACAGGAGACTCTGAATAAGCTTGACAGAATG,337
CTACTACAGGCAACTGCTAATGAGGTAGACAGAAGG,6400
CTACTACAGGAGACTGCTAATGAGGTAGACAAGATG,5471
ATCGTTCAGGCAACTCTGAATGAGCTTGACAAGATG,1273
CTAGTTCAGGAGACTGCTAATGAGGTAGACAAGATG,1953
ATCGTTCAGGAGACTGCTAATGAGCTTGACAGAAGG,7351
ATCGTTCAGGCAACTCTGAATAAGGTAGACAAGAGG,3033
CTACTACAGGCAACTGCTAATGAGGTAGACAAGAGG,3220
CTACTACAGGCAACTGCTAATAAGCTTGACAAGATG,2140
CTACTACAGGAGACTCTGAATGAGCTTGACAGAAGG,907
ATCCTACAGGAGACTGCTAATAAGCTTGACAAGAGG,734
ATCCTACAGGCAACTCTGAATAAGGTAGACAGAATG,1326
CTAGTTCAGGAGACTCTGAATAAGCTTGACAAGAGG,751
CTACTACAGGAGACTGCTAATAAGGTAGACAAGAGG,5800
ATCCTACAGGAGACTCTGAATAAGGTAGACAAGATG,918
CTAGTTCAGGCAACTCTGAATAAGGTAGACAAGAGG,2325
CTAGTTCAGGAGACTCTGAATGAGGTAGACAGAAGG,809
CTAGTTCAGGCAACTCTGAATGAGGTAGACAAGAGG,693
CTACTACAGGAGACTGCTAATAAGGTAGACAGAATG,1635
CTACTACAGGCAACTCTGAATAAGCTTGACAGAAGG,2063
ATCCTACAGGCAACTCTGAATAAGGTAGACAAGAGG,615
ATCCTACAGGCAACTGCTAATAAGGTAGACAAGATG,2388
CTACTACAGGAGACTCTGAATAAGCTTGACAGAAGG,749
CTAGTTCAGGAGACTGCTAATGAGCTTGACAAGAGG,748
CTAGTTCAGGCAACTGCTAATAAGCTTGACAAGATG,1476
ATCGTTCAGGAGACTCTGAATGAGCTTGACAAGAGG,645
CTAGTTCAGGCAACTGCTAATGAGCTTGACAAGATG,3910
CTAGTTCAGGAGACTCTGAATGAGCTTGACAGAATG,1319
ATCGTTCAGGAGACTCTGAATAAGGTAGACAGAATG,2013
ATCGTTCAGGCAACTCTGAATGAGCTTGACAAGAGG,771
CTACTACAGGAGACTGCTAATGAGCTTGACAAGAGG,1050
ATCGTTCAGGCAACTCTGAATAAGCTTGACAAGATG,557
ATCCTACAGGCAACTGCTAATGAGGTAGACAAGATG,3495
ATCGTTCAGGCAACTGCTAATGAGCTTGACAAGAGG,2319
ATCCTACAGGCAACTGCTAATGAGGTAGACAGAAGG,2625
CTACTACAGGAGACTCTGAATGAGGTAGACAAGAGG,393
CTACTACAGGCAACTGCTAATGAGCTTGACAGAAGG,1959
CTAGTTCAGGAGACTCTGAATAAGGTAGACAAGATG,1437
ATCGTTCAGGAGACTGCTAATGAGCTTGACAGAATG,989
CTACTACAGGAGACTGCTAATGAGGTAGACAGAAGG,1845
CTAGTTCAGGAGACTGCTAATAAGCTTGACAGAAGG,508
CTAGTTCAGGAGACTGCTAATGAGGTAGACAAGAGG,1387
CTAGTTCAGGCAACTCTGAATAAGCTTGACAGAAGG,2465
ATCCTACAGGAGACTGCTAATAAGCTTGACAGAAGG,2753
ATCGTTCAGGAGACTCTGAATAAGCTTGACAAGATG,619
CTAGTTCAGGAGACTGCTAATGAGGTAGACAGAAGG,1265
CTAGTTCAGGAGACTCTGAATGAGCTTGACAAGATG,838
CTAGTTCAGGAGACTGCTAATAAGCTTGACAAGAGG,5080
ATCGTTCAGGCAACTCTGAATAAGCTTGACAAGAGG,1731
CTAGTTCAGGCAACTCTGAATGAGGTAGACAAGATG,1199
ATCCTACAGGAGACTGCTAATGAGGTAGACAGAATG,1344
CTACTACAGGAGACTCTGAATAAGGTAGACAGAATG,419
CTAGTTCAGGCAACTCTGAATAAGGTAGACAAGATG,4820
ATCCTACAGGCAACTCTGAATGAGGTAGACAAGAGG,983
ATCCTACAGGAGACTCTGAATGAGCTTGACAGAAGG,591
ATCCTACAGGCAACTCTGAATAAGCTTGACAAGATG,433
CTAGTTCAGGCAACTGCTAATAAGGTAGACAAGATG,700
CTAGTTCAGGAGACTCTGAATAAGCTTGACAAGATG,500
CTACTACAGGAGACTGCTAATAAGCTTGACAAGATG,548
ATCGTTCAGGCAACTGCTAATAAGGTAGACAAGATG,298
ATCGTTCAGGAGACTGCTAATGAGCTTGACAAGATG,498
ATCGTTCAGGCAACTCTGAATGAGGTAGACAAGATG,1187
ATCGTTCAGGCAACTGCTAATAAGGTAGACAGAATG,315
CTACTACAGGCAACTCTGAATGAGCTTGACAGAAGG,1260
ATCGTTCAGGCAACTGCTAATAAGGTAGACAAGAGG,365
ATCGTTCAGGCAACTGCTAATAAGCTTGACAGAATG,452
ATCGTTCAGGAGACTGCTAATAAGGTAGACAAGAGG,338
ATCCTACAGGCAACTGCTAATGAGCTTGACAGAATG,1189
CTAGTTCAGGCAACTGCTAATGAGGTAGACAGAATG,433
ATCCTACAGGAGACTGCTAATGAGGTAGACAGAAGG,600
CTAGTTCAGGAGACTGCTAATAAGGTAGACAGAATG,478
ATCGTTCAGGAGACTGCTAATGAGGTAGACAAGAGG,836
CTAGTTCAGGAGACTCTGAATGAGCTTGACAGAAGG,1705
ATCCTACAGGCAACTCTGAATGAGGTAGACAGAATG,1029
CTAGTTCAGGAGACTCTGAATAAGGTAGACAAGAGG,727
ATCGTTCAGGCAACTGCTAATAAGCTTGACAGAAGG,360
CTAGTTCAGGAGACTCTGAATGAGGTAGACAAGAGG,998
ATCGTTCAGGCAACTCTGAATGAGGTAGACAGAAGG,1109
ATCCTACAGGAGACTCTGAATGAGCTTGACAAGAGG,1161
ATCCTACAGGCAACTCTGAATAAGCTTGACAGAAGG,941
ATCCTACAGGAGACTCTGAATGAGGTAGACAGAATG,527
ATCCTACAGGAGACTGCTAATGAGCTTGACAGAATG,673
ATCGTTCAGGCAACTCTGAATAAGGTAGACAGAATG,2616
CTAGTTCAGGAGACTCTGAATGAGGTAGACAGAATG,570
CTACTACAGGAGACTCTGAATGAGCTTGACAAGATG,958
ATCCTACAGGAGACTCTGAATGAGGTAGACAGAAGG,722
CTACTACAGGCAACTCTGAATGAGGTAGACAAGAGG,347
ATCCTACAGGAGACTGCTAATGAGGTAGACAAGATG,461
ATCCTACAGGCAACTGCTAATGAGCTTGACAGAAGG,612
ATCCTACAGGAGACTGCTAATAAGGTAGACAAGATG,370
CTACTACAGGAGACTCTGAATAAGGTAGACAAGAGG,695
ATCGTTCAGGCAACTCTGAATGAGGTAGACAAGAGG,409
ATCCTACAGGCAACTCTGAATGAGGTAGACAGAAGG,541
ATCGTTCAGGCAACTCTGAATAAGGTAGACAAGATG,361
ATCGTTCAGGCAACTCTGAATGAGCTTGACAGAAGG,1470
ATCCTACAGGCAACTGCTAATAAGGTAGACAAGAGG,2543
CTACTACAGGCAACTGCTAATAAGGTAGACAGAATG,568
ATCCTACAGGAGACTGCTAATAAGCTTGACAAGATG,415
ATCCTACAGGAGACTGCTAATGAGGTAGACAAGAGG,404
ATCCTACAGGAGACTCTGAATGAGGTAGACAAGAGG,1084
CTACTACAGGCAACTGCTAATAAGCTTGACAGAAGG,731
ATCGTTCAGGAGACTGCTAATGAGGTAGACAGAATG,803
CTACTACAGGAGACTGCTAATGAGGTAGACAGAATG,594
ATCCTACAGGAGACTCTGAATAAGCTTGACAGAAGG,902
ATCCTACAGGAGACTCTGAATAAGGTAGACAGAAGG,444
ATCGTTCAGGAGACTCTGAATGAGCTTGACAAGATG,855
CTACTACAGGAGACTCTGAATAAGCTTGACAAGATG,1371
CTAGTTCAGGCAACTGCTAATAAGGTAGACAGAAGG,736
CTACTACAGGCAACTCTGAATAAGGTAGACAAGAGG,1463
CTAGTTCAGGAGACTGCTAATGAGCTTGACAGAAGG,1427
ATCCTACAGGAGACTGCTAATAAGGTAGACAAGAGG,1021
ATCGTTCAGGAGACTCTGAATAAGCTTGACAGAATG,607
CTACTACAGGAGACTCTGAATGAGCTTGACAGAATG,1131
ATCCTACAGGAGACTCTGAATGAGCTTGACAGAATG,582
CTACTACAGGCAACTCTGAATGAGGTAGACAGAATG,1861
CTACTACAGGAGACTGCTAATGAGGTAGACAAGAGG,712
CTACTACAGGCAACTCTGAATGAGCTTGACAAGATG,1199
CTACTACAGGCAACTCTGAATAAGCTTGACAGAATG,567
ATCCTACAGGAGACTCTGAATAAGCTTGACAAGAGG,246
CTAGTTCAGGAGACTCTGAATGAGGTAGACAAGATG,978
ATCCTACAGGAGACTGCTAATGAGCTTGACAAGAGG,1009
ATCGTTCAGGAGACTCTGAATGAGGTAGACAGAAGG,478
CTACTACAGGAGACTCTGAATGAGCTTGACAAGAGG,1055
ATCCTACAGGAGACTCTGAATGAGCTTGACAAGATG,567
ATCCTACAGGCAACTCTGAATAAGCTTGACAAGAGG,601
ATCCTACAGGAGACTGCTAATGAGCTTGACAAGATG,467
ATCGTTCAGGAGACTCTGAATAAGGTAGACAAGATG,711
ATCCTACAGGCAACTGCTAATGAGCTTGACAAGAGG,548
ATCGTTCAGGAGACTCTGAATGAGGTAGACAAGAGG,446
CTAGTTCAGGAGACTGCTAATAAGGTAGACAGAAGG,801
CTACTACAGGCAACTCTGAATGAGGTAGACAGAAGG,2074
ATCGTTCAGGAGACTGCTAATAAGCTTGACAAGATG,836
CTACTACAGGCAACTCTGAATAAGCTTGACAAGAGG,1321
ATCGTTCAGGCAACTGCTAATAAGGTAGACAGAAGG,394
CTAGTTCAGGCAACTGCTAATAAGCTTGACAGAATG,287
CTAGTTCAGGAGACTGCTAATAAGGTAGACAAGATG,242
ATCCTACAGGAGACTGCTAATGAGCTTGACAGAAGG,847
ATCGTTCAGGAGACTCTGAATGAGGTAGACAAGATG,617
ATCGTTCAGGAGACTGCTAATGAGGTAGACAGAAGG,1077
CTAGTTCAGGCAACTCTGAATGAGCTTGACAGAAGG,1075
ATCCTACAGGCAACTGCTAATAAGCTTGACAGAAGG,597
CTAGTTCAGGCAACTCTGAATAAGCTTGACAAGAGG,484
ATCCTACAGGAGACTCTGAATAAGCTTGACAAGATG,492
ATCCTACAGGCAACTCTGAATGAGCTTGACAGAATG,605
ATCGTTCAGGAGACTCTGAATAAGGTAGACAAGAGG,266
ATCCTACAGGCAACTCTGAATGAGGTAGACAAGATG,295
ATCGTTCAGGAGACTCTGAATAAGGTAGACAGAAGG,987
CTACTACAGGAGACTCTGAATGAGGTAGACAGAATG,365
ATCGTTCAGGAGACTCTGAATAAGCTTGACAAGAGG,1058
CTAGTTCAGGCAACTGCTAATAAGGTAGACAAGAGG,344
ATCGTTCAGGCAACTGCTAATAAGCTTGACAAGAGG,861
ATCCTACAGGAGACTCTGAATAAGGTAGACAAGAGG,263
ATCCTACAGGAGACTGCTAATAAGCTTGACAGAATG,305
CTAGTTCAGGCAACTGCTAATAAGGTAGACAGAATG,184
CTACTACAGGCAACTCTGAATAAGCTTGACAAGATG,322
ATCCTACAGGCAACTCTGAATAAGCTTGACAGAATG,209
